"token";"password"
"148cff5e";"1010"
"309f359b";"5656"
"3775f6c1";"2323"
"3e951aeb";"5656"
"3edb1ad2";"5656"
"46b9fa89";"7878"
"6622d706";"2525"
"666d36c7";"3636"
"6a92c413";"1515"
"8930cd1d";"2211"
"907e8442";"8989"
"ac4802e4";"1212"
"admin";"admin"
"b2440aee";"5656"
"bce18f6f";"2333"
"beb31257";"5656"
"e2828d07";"5656"
"f2529015";"5050"
"f8d76506";"4545"
"fa7a23e3";"7878"
"2a6404e0";"2323"
"719ff34c";"6363"
"b8d76af4";"455"
"b00a4558";"566"
"7b6e1613";"566"
"764e115a";"5656"
"55f46a22";"5656"
"b0781401";"5633"
"014645b3";"5252"
"93d1230d";"5656"
